Feature,Missing_Count,Percentage
RespRate_first,4302,71.7
SaO2_first,3353,55.883333333333326
Height,2886,48.1
Weight_first,1951,32.516666666666666
DiasABP_first,1872,31.2
SysABP_first,1871,31.183333333333334
MAP_first,1854,30.9
NIDiasABP_first,762,12.7
NIMAP_first,762,12.7
NISysABP_first,758,12.633333333333333
Weight,528,8.799999999999999
Temp_first,104,1.7333333333333332
HR_first,103,1.7166666666666668
Gender,6,0.1
Age,0,0.0
